,MHCfovea,Benchmark,NetMHCpan4.1,MHCflurry2.0,MixMHCpred2.1
A*01:01,True,True,True,True,True
A*01:03,True,False,True,True,False
A*02:01,True,True,True,True,True
A*02:02,True,True,True,True,False
A*02:03,True,True,True,True,False
A*02:04,True,True,True,True,False
A*02:05,True,True,True,True,True
A*02:06,True,True,True,True,True
A*02:07,True,True,True,True,False
A*02:08,False,False,False,True,False
A*02:09,False,False,False,True,False
A*02:10,True,False,True,True,False
A*02:11,True,True,True,True,False
A*02:12,True,False,True,True,False
A*02:14,False,False,True,True,False
A*02:16,True,False,True,True,False
A*02:17,True,False,True,True,False
A*02:19,True,False,True,True,False
A*02:20,False,False,False,False,True
A*02:50,True,False,True,True,False
A*03:01,True,True,True,True,True
A*03:02,True,False,True,True,False
A*03:19,True,False,True,True,False
A*11:01,True,True,True,True,True
A*11:02,True,True,True,True,False
A*23:01,True,True,True,True,True
A*24:01,False,False,False,True,False
A*24:02,True,True,True,True,True
A*24:03,True,False,True,True,False
A*24:06,True,False,True,True,False
A*24:07,False,True,False,False,False
A*24:13,True,False,True,True,False
A*25:01,True,True,True,True,True
A*26:01,True,True,True,True,True
A*26:02,True,False,True,True,False
A*26:03,True,False,True,True,True
A*29:01,False,False,False,True,False
A*29:02,True,True,True,True,True
A*30:01,True,True,True,True,True
A*30:02,True,True,True,True,False
A*30:03,False,False,True,True,False
A*30:04,False,False,True,True,False
A*31:01,True,True,True,True,True
A*32:01,True,True,True,True,True
A*32:07,True,False,True,True,False
A*32:15,True,False,True,True,False
A*33:01,True,True,True,True,False
A*33:03,False,True,False,True,False
A*34:01,False,True,False,False,False
A*34:02,False,True,False,False,False
A*36:01,False,True,False,False,False
A*66:01,True,True,True,True,False
A*66:02,True,False,True,True,False
A*68:01,True,True,True,True,True
A*68:02,True,True,True,True,True
A*68:23,True,False,True,True,False
A*69:01,True,False,True,True,False
A*74:01,True,True,True,True,False
A*80:01,True,False,True,True,False
B*07:01,False,False,False,True,False
B*07:02,True,True,True,True,True
B*07:04,False,True,False,False,False
B*08:01,True,True,True,True,True
B*08:02,True,False,True,True,False
B*08:03,True,False,True,True,False
B*13:01,True,True,True,True,False
B*13:02,True,True,True,True,True
B*14:01,True,False,True,True,True
B*14:02,True,True,True,True,True
B*14:03,True,False,True,True,False
B*15:01,True,True,True,True,True
B*15:02,True,True,True,True,False
B*15:03,True,True,True,True,True
B*15:08,False,False,True,True,False
B*15:09,True,False,True,True,False
B*15:10,False,True,True,True,True
B*15:11,True,False,True,True,True
B*15:13,False,False,True,True,False
B*15:15,True,False,False,True,False
B*15:16,False,False,True,True,False
B*15:17,True,True,True,True,False
B*15:18,True,False,True,True,True
B*15:186,False,False,False,True,False
B*15:42,True,False,True,True,False
B*18:01,True,True,True,True,True
B*18:03,True,False,True,True,True
B*27:01,True,False,True,True,False
B*27:02,True,False,True,True,False
B*27:03,True,False,True,True,False
B*27:04,True,False,True,True,True
B*27:05,True,True,True,True,True
B*27:06,True,False,True,True,False
B*27:07,True,False,True,True,False
B*27:08,True,False,True,True,False
B*27:09,True,False,True,True,False
B*27:10,True,False,True,True,False
B*27:20,True,False,True,True,False
B*35:01,True,True,True,True,True
B*35:02,True,False,True,True,False
B*35:03,True,True,True,True,True
B*35:04,True,False,True,True,False
B*35:06,True,False,True,True,False
B*35:07,False,True,False,False,False
B*35:08,True,False,True,True,True
B*37:01,True,True,True,True,True
B*38:01,True,True,True,True,True
B*38:02,False,True,False,False,False
B*39:01,True,False,True,True,True
B*39:05,True,False,True,True,False
B*39:06,True,False,True,True,True
B*39:09,True,False,True,True,False
B*39:10,True,False,True,True,False
B*39:24,True,False,True,True,True
B*40:01,True,True,True,True,True
B*40:02,True,True,True,True,False
B*40:06,False,True,False,False,False
B*40:13,True,False,True,True,False
B*41:01,True,False,True,True,True
B*41:02,True,False,True,True,False
B*41:03,True,False,True,True,False
B*41:04,True,False,True,True,False
B*41:05,True,False,True,True,False
B*41:06,True,False,True,True,False
B*42:01,True,True,True,True,False
B*42:02,True,False,True,True,False
B*44:01,False,False,False,True,False
B*44:02,True,True,True,True,True
B*44:03,True,True,True,True,True
B*44:05,True,False,True,True,False
B*44:08,True,False,True,True,False
B*44:09,True,False,True,True,False
B*44:27,True,False,True,True,False
B*44:28,True,False,True,True,False
B*45:01,True,True,True,True,True
B*45:06,True,False,True,True,False
B*46:01,True,True,True,True,False
B*47:01,True,False,True,True,False
B*48:01,True,False,True,True,False
B*49:01,True,True,True,True,False
B*50:01,True,True,True,True,True
B*50:02,True,False,True,True,False
B*51:01,True,True,True,True,False
B*51:02,False,False,True,True,False
B*51:08,True,False,True,True,False
B*52:01,True,True,True,True,False
B*53:01,True,True,True,True,False
B*54:01,True,True,True,True,False
B*55:01,False,True,True,True,True
B*55:02,False,True,True,True,False
B*56:01,True,True,True,True,True
B*57:01,True,True,True,True,True
B*57:02,True,False,True,True,False
B*57:03,True,True,True,True,False
B*58:01,True,True,True,True,False
B*58:02,True,True,True,True,False
B*73:01,True,False,True,True,True
B*81:01,True,False,True,True,False
B*83:01,True,False,True,True,False
C*01:02,True,True,True,True,True
C*02:02,True,True,True,True,True
C*02:10,False,False,False,False,True
C*03:01,False,False,False,True,False
C*03:02,False,True,False,False,False
C*03:03,True,True,True,True,True
C*03:04,True,True,True,True,True
C*03:13,True,False,False,True,False
C*04:01,True,True,True,True,True
C*04:03,False,True,False,False,False
C*05:01,True,True,True,True,True
C*06:02,True,True,True,True,True
C*07:01,True,True,True,True,True
C*07:02,True,True,True,True,True
C*07:04,True,True,True,True,True
C*08:01,False,True,False,True,True
C*08:02,True,True,True,True,False
C*08:03,False,False,True,True,False
C*12:02,True,True,True,True,True
C*12:03,True,True,True,True,True
C*12:04,True,False,True,True,False
C*14:02,True,True,True,True,True
C*14:03,False,True,False,False,False
C*15:02,True,True,True,True,False
C*15:05,False,False,False,True,True
C*16:01,True,True,True,True,True
C*17:01,True,True,True,True,False
E*01:01,False,False,True,True,False
E*01:03,False,False,True,True,False
